"UniqueID","Probability1"
6533,0.140647823589681
6534,0.211502871838746
6535,0.256986334747678
6536,0.284687045356435
6537,0.154832861756603
6538,0.289891761674536
6539,0.387926714240825
6540,0.795354835626362
6541,0.177489764257103
6542,0.139052460149713
6543,0.150527151254205
6544,0.430378526749607
6545,0.0322607977985234
6546,0.164772417846561
6547,0.142258466382016
6548,0.370239389345415
6549,0.323471287793094
6550,0.278427414933816
6551,0.156284661304552
6552,0.108137653385176
6553,0.164007406149917
6554,0.198671562077792
6555,0.271815301323135
6556,0.0730143858465221
6557,0.00412976238236349
6558,0.184176545456681
6559,0.155847960565205
6560,0.170790418479148
6561,0.151962327891468
6562,0.00883412836244544
6563,0.0308301932291491
6564,0.185675820529132
6565,0.167374463229683
6566,0.176981641214192
6567,0.150562060985729
6568,0.213166471386792
6569,0.149838206788279
6570,0.178740639865201
6571,0.232290595774199
6572,0.2578068888137
6573,0.164316619046714
6574,0.317693993613415
6575,0.0520495631856043
6576,0.251329857854488
6577,0.128925362354754
6578,0.135130383469694
6579,0.182686660649852
6580,0.145388519101726
6581,0.106729556733056
6582,0.190400433368737
6583,0.121510675704815
6584,0.346609846011073
6585,6.30756519358562e-09
6586,0.218025895638594
6587,0.28356305731598
6588,0.144566515221064
6589,0.133843921758033
6590,0.308189317920825
6591,0.279987592090382
6592,0.117329204941265
6593,0.129921578404094
6594,0.0393040729603673
6595,0.134069142658002
6596,0.152247403829599
6597,0.14829610850878
6598,0.136557525288706
6599,0.128429699266291
6600,0.123328847202074
6601,0.0646298964730598
6602,0.144703247161129
6603,0.141854369019887
6604,0.172203725892946
6605,0.293087265796196
6606,0.149416329150867
6607,0.100310993200316
6608,0.22469276947301
6609,0.195911927961638
6610,3.7794189611593e-08
6611,0.215026080625811
6612,0.281546651204021
6613,0.0405638896519025
6614,0.202791103912656
6615,2.07192932490379e-08
6616,0.0560069846593223
6617,0.0446903529725994
6618,0.0648876803577448
6619,0.4220000131308
6620,0.024373858646914
6621,0.145388519101726
6622,0.0357722334381401
6623,0.0187359064786813
6624,0.204943670407019
6625,0.150823831137008
6626,0.0946729181263398
6627,0.0716792923502038
6628,0.0219207489618221
6629,0.231110130337762
6630,0.079522866518816
6631,0.0296249466229456
6632,0.219340389104175
6633,0.267492663265265
6634,0.00618922492943361
6635,0.573614450766845
6636,0.292861633941089
6637,0.0830444742671735
6638,0.316019369272278
6639,0.231503152073131
6640,0.263153828085739
6641,0.298381495630358
6642,0.279094033605949
6643,0.311498041339139
6644,0.306777275052857
6645,0.392133677650903
6646,0.155702614921165
6647,0.263797247243986
6648,0.341869609987571
6649,0.261354064337591
6650,0.173943660501667
6651,0.00411162053436939
6652,0.0387019387128932
6653,0.222773285389374
6654,0.0584954599442653
6655,0.260590260399357
6656,0.00973167494010725
6657,0.187858046536412
6658,0.218969504520731
6659,0.0618702623995359
6660,0.194696063141231
6661,0.147599498894175
6662,0.149838206788279
6663,0.139666780183843
6664,0.167991459765293
6665,0.211687246086732
6666,0.150684905389223
6667,0.221795850349932
6668,6.08166042935013e-09
6669,0.166145903881864
6670,0.29676439394274
6671,0.294463062098241
6672,0.0195503756614384
6673,0.405381453229288
6674,0.218780547889685
6675,0.0292565069690565
6676,0.157161053263382
6677,0.141317063448186
6678,0.196783913386941
6679,0.164013316280386
6680,0.139052460149713
6681,0.18351321600978
6682,0.0237189401167494
6683,0.123219004061099
6684,0.243917608696855
6685,0.131302060548831
6686,0.0569921904088693
6687,0.178111347916712
6688,0.175377542559323
6689,0.15966587921628
6690,0.0700781161708394
6691,0.2536243272831
6692,0.43227615977284
6693,0.139184825414084
6694,0.190741399115562
6695,0.221246140656268
6696,3.81720006897729e-08
6697,0.242696735691219
6698,0.0593950039037627
6699,0.133843921758033
6700,2.12997555472012e-08
6701,0.633297944145054
6702,0.143748377100272
6703,0.189041232689503
6704,0.0489291767891886
6705,0.0427499445234555
6706,0.00544104498263967
6707,0.395072355191736
6708,0.0755988979366099
6709,2.04915620007146e-08
6710,0.130422137672466
6711,0.0343882010182945
6712,0.153681442197378
6713,0.224500293648848
6714,0.279538989056825
6715,0.104224567625351
6716,0.0217790228512009
6717,0.0947676882072584
6718,1.776843463109e-08
6719,0.0169943398851313
6720,0.181206151177756
6721,0.0788780650354711
6722,0.0952421394518184
6723,0.355421491968221
6724,0.242087858512409
6725,0.214094806985089
6726,0.2262367931199
6727,0.456048205079999
6728,0.292400780575437
6729,0.150968011536022
6730,0.00411614854207093
6731,0.853927842772977
6732,0.134100382973875
6733,0.0563375970094779
6734,0.202612486504591
6735,0.0510651767695231
6736,0.165839894617052
6737,0.0402955566969614
6738,0.19871512482033
6739,6.50106697058046e-06
6740,0.134100382973875
6741,0.0711412289342602
6742,0.0308301932291491
6743,0.203327660458106
6744,0.0975900718580753
6745,0.25952689265272
6746,0.0222069110716132
6747,0.181370189731512
6748,0.190400433368737
6749,0.255932582944899
6750,0.0650219318644954
6751,0.0340954071873188
6752,0.653158421275169
6753,0.990529349417101
6754,0.172834829303732
6755,0.153392096730244
6756,0.0386900789501891
6757,0.162503549784934
6758,0.3808654872023
6759,0.0717040510394803
6760,0.0327731722859732
6761,0.193188963105087
6762,7.08370412168293e-09
6763,0.0308301932291491
6764,0.180061115521177
6765,0.0129576770241146
6766,0.145663381056318
6767,0.13076804482414
6768,0.0692648222694056
6769,0.192969052324907
6770,0.276654554189682
6771,0.00963512624103076
6772,0.181042228176208
6773,0.0444304694021742
6774,0.0316326942809128
6775,0.281993987299868
6776,0.174102522559941
6777,0.13852405428718
6778,0.0381186805924139
6779,0.225270899898054
6780,0.205304075559794
6781,0.584902526665714
6782,0.219347770023572
6783,0.134357259373409
6784,0.114048300875705
6785,0.0742438480311169
6786,0.0780061302254577
6787,0.154111102306303
6788,0.370239389345415
6789,0.140247553319955
6790,0.059337285423668
6791,2.0926414468913e-08
6792,3.72139025292706e-08
6793,0.347361124051025
6794,0.141719882975157
6795,0.027424982252767
6796,2.1112259771706e-08
6797,0.0434794705914293
6798,0.0534989620359449
6799,0.020179796873041
6800,0.310077633522849
6801,0.07644242360106
6802,0.232345220950678
6803,0.0202341324735826
6804,0.0318154790568074
6805,0.0347761201462026
6806,0.0792805035502709
6807,0.271815301323135
6808,0.274228286494463
6809,0.157014710793815
6810,0.602520025997362
6811,0.16416491137529
6812,0.0724765340391888
6813,0.00412521946066436
6814,0.0444167730502518
6815,0.209482512569552
6816,0.274668440157337
6817,0.223539672381161
6818,0.215960291991959
6819,0.303496591714563
6820,0.18921072499069
6821,0.218591708680217
6822,0.496512318440627
6823,0.360731740612492
6824,0.26101639664771
6825,0.342616001143066
6826,0.132822221104674
6827,0.197658825888869
6828,0.129049532519571
6829,0.190570857939626
6830,0.18921072499069
6831,0.0408675558365672
6832,0.0368874500995527
6833,0.0123098481792036
6834,0.125096884665887
6835,0.185008315835016
6836,0.0673440857384989
6837,0.17371879465876
6838,0.713453481718633
6839,0.149275921025568
6840,0.182521696898121
6841,0.133972100491771
6842,0.0411563675568842
6843,0.156284661304552
6844,0.284912164555822
6845,0.286265125756326
6846,0.129298178466613
6847,0.161752876539918
6848,0.16876525640779
6849,7.75567086553236e-09
6850,0.233475259899056
6851,0.127566198870359
6852,0.143848782105283
6853,0.162503549784934
6854,0.128152411864306
6855,0.190912056911993
6856,0.163257028303326
6857,0.209848792799469
6858,0.155847960565205
6859,0.171731597047461
6860,0.341620986629356
6861,0.184342667593096
6862,0.192625052315255
6863,0.214466963891985
6864,0.170321367220696
6865,0.185508770245602
6866,0.119519291202789
6867,0.155885888299117
6868,0.206028903145656
6869,0.226623970020933
6870,0.28920969903126
6871,0.14388446539375
6872,0.246987949903819
6873,0.242899925847354
6874,0.378262774754315
6875,0.163257028303326
6876,0.15599341681888
6877,0.16923089636367
6878,0.154688289327044
6879,0.166145903881864
6880,3.91980639830819e-08
6881,0.126463272384721
6882,0.0401990462843078
6883,2.11589784134124e-08
6884,0.162052809475241
6885,0.505077477031297
6886,0.0566943302155166
6887,0.142258466382016
6888,0.0352354895853659
6889,0.0394416323873978
6890,0.0345339711157649
6891,0.073597029408935
6892,1.06987692176118e-08
6893,0.0368551083417487
6894,0.141049048824841
6895,0.0368929430263527
6896,0.0361366652072942
6897,0.214280826678663
6898,0.203865273617256
6899,0.0949574832059794
6900,0.0222309220519582
6901,0.0785574600277169
6902,0.0115955625438073
6903,0.0670799576511451
6904,0.183844648953709
6905,0.157600746477554
6906,0.152390106254594
6907,0.0279050010126723
6908,0.167837040657876
6909,0.246782454720778
6910,0.143612395929623
6911,0.178921734227762
6912,0.00411162053436939
6913,0.25404298606529
6914,0.0296676941857898
6915,3.19233625075307e-07
6916,0.0512275315841448
6917,0.00258758321852174
6918,0.384237682650991
6919,0.0457483631157185
6920,0.240671192491578
6921,0.400329918036791
6922,0.20584556425713
6923,0.181534343859411
6924,0.261442983350949
6925,4.54665521638943e-07
6926,0.0899502994056784
6927,0.136557525288706
6928,0.153823169879589
6929,0.183678874546979
6930,0.136689773836392
6931,0.00764774920046388
6932,0.19695866167725
6933,0.0400508655795805
6934,0.187521040681399
6935,0.180551152263831
6936,0.169523873010033
6937,0.182521696898121
6938,0.748410985296618
6939,0.215212687892766
6940,0.17426149909911
6941,0.357449677157796
6942,0.00958683460809872
6943,0.576315362380494
6944,0.102271366531818
6945,0.127782414594069
6946,0.277761775009569
6947,0.174420590145767
6948,0.148156569708077
6949,0.106203855257476
6950,0.136427262607144
6951,0.171731597047461
6952,0.211134475957153
6953,0.570995798893454
6954,3.46693613393091e-09
6955,0.352136762417644
6956,0.713679375218943
6957,0.182686660649852
6958,0.149979050556707
6959,0.0273715414244163
6960,0.130547533359249
6961,0.134100382973875
6962,0.163408061009077
6963,0.415275463714464
6964,0.11905701298663
6965,0.188026723967444
6966,0.316736484248464
6967,0.174739115867407
6968,0.19152453083796
6969,0.106834971597853
6970,0.141451230233733
6971,0.160706638773879
6972,0.167726535689757
6973,0.195871340390776
6974,0.128182477570859
6975,0.231699837994092
6976,0.811255816326181
6977,0.0440308778423358
6978,3.73787836548928e-08
6979,0.169386336856949
6980,2.04915620007146e-08
6981,0.131397462121855
6982,0.0249547401215882
6983,2.63712439061685e-09
6984,0.164772417846561
6985,0.12168193714337
6986,0.0434794705914293
6987,0.0323827666775182
6988,0.174102522559941
6989,0.246987949903819
6990,0.488777665887268
6991,0.0218498795057246
6992,0.0600847781563664
6993,0.217273122486947
6994,0.239864215629291
6995,0.16675927859674
6996,0.251329857854488
6997,0.0166218485036468
6998,0.118424102501989
6999,0.0789584030202014
7000,0.0339530322372928
7001,0.105065939250245
7002,9.41187464124538e-08
7003,0.353903748348527
7004,0.150120003337331
7005,0.276654554189682
7006,0.0319435449789909
7007,1.9922799137707e-08
7008,0.169541890987045
7009,0.16830063811028
7010,3.96336883573277e-08
7011,0.208204233901276
7012,0.173943660501667
7013,0.131302060548831
7014,0.204763644010134
7015,0.15599341681888
7016,0.275550063101607
7017,0.202612486504591
7018,0.0831435057006705
7019,0.077120793366752
7020,0.673627224316805
7021,0.159962680785676
7022,0.22778830956601
7023,0.38164764521404
7024,0.223923569276772
7025,0.145663381056318
7026,0.478289929740557
7027,0.160259928858262
7028,0.162202944090328
7029,3.84259706429088e-08
7030,0.21219264009935
7031,0.108713577352219
7032,0.27887171872516
7033,0.141183002993414
7034,0.284687045356435
7035,0.298381495630358
7036,0.209848792799469
7037,0.206388110221892
7038,0.423112866600457
7039,0.128553462501819
7040,0.035767052491871
7041,0.00412068151570235
7042,0.151535535672655
7043,0.0753330351161809
7044,0.366382371708628
7045,0.251179559574641
7046,0.0299553844533789
7047,0.62071631061405
7048,5.50658460514921e-08
7049,0.143172084055618
7050,0.0580104114733217
7051,0.182356848870964
7052,4.13408093055048e-07
7053,1.35252750426575e-07
7054,0.101548632585775
7055,0.00157029980676817
7056,0.265733551546659
7057,0.0670962616741424
7058,0.350625415506453
7059,0.176178156656627
7060,0.0392022145696165
7061,0.183844648953709
7062,0.0505967382598718
7063,0.0302859503997929
7064,0.130427927627979
7065,0.191595854607395
7066,0.240873226210907
7067,0.219726505139267
7068,0.141585503394571
7069,0.159221513438753
7070,0.352893549925758
7071,0.343612401221984
7072,5.25512205038365e-07
7073,0.229765651177466
7074,0.212425918453337
7075,0.199241048842088
7076,6.80739373539233e-09
7077,0.149979050556707
7078,0.23004803268244
7079,0.0674116630114481
7080,0.14128441623381
7081,0.0322767305400292
7082,0.237654593023324
7083,0.161154354893581
7084,0.236154313370918
7085,0.140915200897833
7086,0.162804604323888
7087,0.285137390810223
7088,0.183016935411107
7089,0.187016404152495
7090,0.0308301932291491
7091,0.150684905389223
7092,0.034587733328489
7093,0.0228424465351411
7094,0.0874114285415658
7095,0.353145976715717
7096,0.149135621709286
7097,0.190741399115562
7098,0.180387691249584
7099,7.67901564474251e-09
7100,0.0170843517223554
7101,2.01769372118142e-08
7102,0.00396259910620274
7103,0.0288813364405804
7104,0.0496535503235069
7105,2.0926414468913e-08
7106,0.268112425768236
7107,0.0288899829246286
7108,0.0375278781244392
7109,0.221246140656268
7110,0.179409348628352
7111,0.227593960460742
7112,0.247399285115098
7113,0.212795959852937
7114,0.0946729181263398
7115,0.021336109184821
7116,0.276654554189682
7117,0.0464058967009467
7118,0.253206124251059
7119,0.0788780650354711
7120,0.194869407191244
7121,0.0505625678767883
7122,0.197658825888869
7123,0.150484629807312
7124,0.183063860711925
7125,0.00412068151570235
7126,0.192109928133045
7127,0.0405522919480815
7128,0.0121349259320703
7129,0.0326642668770458
7130,0.0124183450880461
7131,0.273349296881456
7132,0.360756369186517
7133,0.225270899898054
7134,0.647549069181126
7135,0.195911927961638
7136,0.345085664693543
7137,0.188175966574706
7138,0.38950240532508
7139,0.159369523868222
7140,0.202070388302291
7141,0.233332311182119
7142,0.13998123641099
7143,0.0924049325100039
7144,0.0499109983809758
7145,0.13998123641099
7146,0.0467856036961566
7147,0.145663381056318
7148,0.1887025974522
7149,0.0240279998419795
7150,0.306307396339593
7151,0.242087858512409
7152,0.240267472410238
7153,0.214389384016333
7154,0.176178156656627
7155,0.229347312398749
7156,0.0204101620465936
7157,0.157454071068632
7158,0.210689949895825
7159,0.139052460149713
7160,6.70287389226159e-09
7161,0.17252132493909
7162,0.31985402867759
7163,0.179735001375069
7164,0.0677321501776741
7165,0.0308301932291491
7166,0.176981641214192
7167,0.148017139387695
7168,0.0710837176437027
7169,0.166452365124506
7170,0.153392096730244
7171,0.0625553237132339
7172,0.157600746477554
7173,0.0861260373265931
7174,0.0564446876386181
7175,0.243510189247162
7176,0.695072991233159
7177,0.174573584349646
7178,0.15599341681888
7179,0.271845969980669
7180,0.167991459765293
7181,0.0699245618714548
7182,0.161752876539918
7183,2.22044604925031e-16
7184,2.1394126937664e-08
7185,0.174102522559941
7186,0.302735011224
7187,0.149275921025568
7188,0.496512318440627
7189,0.00558034681283534
7190,0.000952892579833323
7191,0.0412820662188702
7192,0.0489135271955857
7193,0.0362738118968378
7194,0.325409194787626
7195,2.1536468586237e-08
7196,0.0348684963644048
7197,0.187184500051978
7198,0.26724582106671
7199,0.0945782329161129
7200,0.0212439931022215
7201,0.185175017917717
7202,0.246782454720778
7203,0.297687831916585
7204,0.0764243887745761
7205,0.151393490558438
7206,0.122666399391188
7207,0.110873962832534
7208,0.177142682857604
7209,0.0165034373830652
7210,0.182508335678
7211,0.179246695222133
7212,0.758267698557132
7213,0.436077340632952
7214,0.160495560357803
7215,0.106461577250701
7216,0.179572117338286
7217,0.384520784582028
7218,0.40245436503815
7219,0.00412068151570235
7220,0.289664301709848
7221,0.182356848870964
7222,0.141674595207831
7223,0.176178156656627
7224,0.0479341132145733
7225,0.161154354893581
7226,0.16830063811028
7227,0.0744186458890919
7228,0.0685338123658859
7229,0.190741399115562
7230,0.392924290480762
7231,0.154111102306303
7232,0.204293599846812
7233,0.422808957964692
7234,0.201187772190903
7235,0.0494701331294868
7236,0.133587875345131
7237,0.185008315835016
7238,0.236255782989027
7239,0.133077025401176
7240,0.132440789424845
7241,0.108582662419031
7242,0.143612395929623
7243,0.372688498043085
7244,0.0835136650074218
7245,0.237254352118475
7246,0.0199979869735211
7247,0.0552263249604046
7248,0.121848440954092
7249,0.139317296289034
7250,0.355168331729509
7251,0.197834159757537
7252,0.14347652183832
7253,0.141183002993414
7254,0.365100467450292
7255,0.348614943356116
7256,0.372561609425942
7257,0.13773460605019
7258,0.567114612351471
7259,0.169541890987045
7260,0.102222097221894
7261,1.16920680270351e-09
7262,0.280653274894285
7263,0.0145606220222902
7264,0.345859331760536
7265,0.315780525134565
7266,0.350122296699862
7267,0.135001269292375
7268,0.454951748352464
7269,0.0558740601399568
7270,0.141317063448186
7271,0.20838649256974
7272,0.0367307128781601
7273,0.322504596324825
7274,0.167649657847939
7275,0.0349307113482493
7276,2.16558097949666e-08
7277,0.237654593023324
7278,0.112629239777113
7279,5.71365571561544e-08
7280,0.0308301932291491
7281,0.183678874546979
7282,0.313873279839492
7283,2.5370206398251e-09
7284,0.00971039622817562
7285,0.16923089636367
7286,0.00934379956514271
7287,2.32430766325793e-08
7288,0.197834159757537
7289,0.13773460605019
7290,0.270504750469154
7291,0.389765245968797
7292,0.000487601281294433
7293,0.216522228753555
7294,0.0312943344457537
7295,0.450532035947048
7296,0.163861833729225
7297,0.19228151943499
7298,0.286943047433678
7299,0.0340594329392993
7300,0.177142682857604
7301,0.189719900822426
7302,0.246987949903819
7303,0.00620268637661182
7304,0.202612486504591
7305,0.0945782329161129
7306,0.077129442857413
7307,0.257619946441755
7308,0.223156244393228
7309,0.126952451668335
7310,0.12768925189095
7311,0.247811079924514
7312,0.155498943625421
7313,0.145154999491563
7314,0.189765002375694
7315,0.12768925189095
7316,0.2942335015167
7317,0.13151490217615
7318,0.185175017917717
7319,0.63994531778159
7320,0.181370189731512
7321,0.155267241271968
7322,0.0961027325982869
7323,0.165381727623939
7324,0.174420590145767
7325,0.00412976238236349
7326,0.11422106667067
7327,0.154977544532013
7328,0.152390106254594
7329,0.059112335354618
7330,0.15730976469093
7331,0.141719882975157
7332,0.348013853310809
7333,0.229596886036605
7334,0.0443475992015485
7335,0.0888435678189314
7336,0.117441572827269
7337,0.281770265305447
7338,0.175377542559323
7339,0.161902786969773
7340,0.055351651703234
7341,0.185341836048169
7342,0.0459417402324357
7343,0.0438572478256288
7344,0.169541890987045
7345,0.164316619046714
7346,0.214094806985089
7347,7.4541619623887e-08
7348,0.168145992239293
7349,0.0296037617492567
7350,0.349302392498949
7351,0.234046222391173
7352,0.16160307815159
7353,0.155412255312115
7354,1.96617100128664e-09
7355,0.146076482031423
7356,0.026529955599741
7357,0.29080265751124
7358,6.68159406062436e-08
7359,0.15019913430045
7360,0.132313851943167
7361,0.142123660679069
7362,0.178597234167944
7363,0.167220497282691
7364,0.0308301932291491
7365,0.218780547889685
7366,0.148575511716391
7367,0.194176732592132
7368,0.132440789424845
7369,0.0991793001551237
7370,0.164013316280386
7371,0.140247553319955
7372,0.150684905389223
7373,6.08248672424559e-08
7374,6.80079811340027e-08
7375,0.231503152073131
7376,0.242493661066435
7377,0.242696735691219
7378,0.16355920612657
7379,0.155018644698372
7380,0.3169757164718
7381,1.13841662328112e-07
7382,0.246987949903819
7383,0.142123660679069
7384,4.16975726543704e-08
7385,3.7669085403415e-08
7386,0.167018546047821
7387,0.178186996152805
7388,0.189041232689503
7389,0.135518351238138
7390,2.98388976127552e-07
7391,2.12762278152903e-08
7392,0.0110066476757258
7393,0.146354549946842
7394,0.240065786095503
7395,0.00396259910620274
7396,0.0458849285456333
7397,0.333220256184239
7398,0.0550059375389692
7399,4.89653199744956e-09
7400,0.194349725854345
7401,0.0309343745771957
7402,0.190059933979696
7403,0.257408629246977
7404,0.30023579727578
7405,0.0368150088647917
7406,0.0216850369128995
7407,0.0944836325203716
7408,0.0741561329314388
7409,0.0773657825196409
7410,0.18887185684889
7411,0.183016935411107
7412,0.294004045322684
7413,0.201187772190903
7414,0.155267241271968
7415,0.190741399115562
7416,0.203611260949031
7417,0.0404663765268298
7418,0.17295603005585
7419,0.144156963522809
7420,0.145251249605298
7421,0.00412068151570235
7422,0.146628793460926
7423,0.169057590970014
7424,0.0174351064880298
7425,0.146076482031423
7426,0.039494653301022
7427,0.763495693493858
7428,0.157894430490493
7429,0.0722730687434448
7430,0.305368846075934
7431,0.0359629045439426
7432,0.372644307030545
7433,0.57955043386999
7434,0.169697558783509
7435,0.0425893678497725
7436,0.2328824032297
7437,0.135907257849095
7438,0.349117059730019
7439,0.103950066462984
7440,0.129343758614326
7441,0.225078072608407
7442,0.16675927859674
7443,2.27480040840125e-08
7444,0.160259928858262
7445,0.114993649191344
7446,0.145251249605298
7447,0.256619480979684
7448,0.0329135989249903
7449,0.0777375352420211
7450,0.0822363748042934
7451,0.13168071045159
7452,0.157747532939368
7453,6.44854141944477e-09
7454,0.116626072164491
7455,0.315780525134565
7456,0.0352419293770601
7457,0.154543827205342
7458,0.161902786969773
7459,0.125077638574263
7460,0.13279123288825
7461,0.0470565215532897
7462,0.10736342179935
7463,0.301576556653273
7464,0.150402236096796
7465,0.134485853385828
7466,0.129547232232559
7467,0.0838526563554462
7468,0.161453391770612
7469,0.159962680785676
7470,0.183301917665737
7471,0.18921072499069
7472,0.0348057973466091
7473,0.129671912170843
7474,0.286490993047497
7475,0.191938453570799
7476,0.134228769251914
7477,3.7669085403415e-08
7478,0.136297104569074
7479,2.07651423077629e-08
7480,0.265733551546659
7481,0.142798756045796
7482,0.157747532939368
7483,0.0440343981462868
7484,0.227960251748987
7485,0.250698394827687
7486,0.144020660853477
7487,0.0428493803969835
7488,0.202791103912656
7489,0.196609282179954
7490,0.292175458777602
7491,0.0210381521889511
7492,0.0941060779580434
7493,0.0801724802565391
7494,0.0978153998855931
7495,0.455187397850908
7496,0.305368846075934
7497,0.187858046536412
7498,0.367923156143061
7499,0.157014710793815
7500,1.60510237915414e-06
7501,0.174739115867407
7502,0.193313519575284
7503,0.195390141116952
7504,3.7835983276992e-08
7505,0.0297098451783636
7506,0.0251780038692967
7507,0.253415168780982
7508,0.170946996658849
7509,0.448890990163098
7510,0.139715343031505
7511,0.169697558783509
7512,0.161752876539918
7513,0.587607708300769
7514,0.110471459519943
7515,0.155412255312115
7516,0.164316619046714
7517,0.154255233733155
7518,3.7877823158765e-08
7519,0.16100500432875
7520,0.180107450029023
7521,0.348364011086948
7522,0.139317296289034
7523,0.168455397408564
7524,0.284237128366843
7525,0.0461724347752498
7526,0.142470390290839
7527,0.2029698387033
7528,0.0942454806284494
7529,0.319373348406468
7530,0.165076847192659
7531,0.150261065170576
7532,0.157894430490493
7533,0.427130224492432
7534,0.401126151188563
7535,0.175857566739993
7536,0.399692628321581
7537,0.609381196017728
7538,0.272472066976329
7539,0.246577074524883
7540,0.2029698387033
7541,0.252788377245373
7542,0.0685338123658859
7543,0.205329355867073
7544,0.40691098185695
7545,0.156576348676218
7546,0.166452365124506
7547,0.0478689929568906
7548,0.00411614854207093
7549,0.2328824032297
7550,0.148715376205748
7551,0.180224345676229
7552,0.19147214217946
7553,0.00900558432686815
7554,0.147321613539367
7555,0.168455397408564
7556,0.0601607154755902
7557,0.418499472097748
7558,0.192799474850121
7559,0.280430201130702
7560,0.149275921025568
7561,0.142258466382016
7562,0.161323435975111
7563,6.22446315549541e-09
7564,0.13852405428718
7565,0.176017804301681
7566,0.222390795443527
7567,0.14388446539375
7568,0.173144895278914
7569,0.184957378345532
7570,0.146905597134456
7571,0.216147486757874
7572,0.0889496013719181
7573,0.31197230160278
7574,0.192453227490985
7575,0.153248625656994
7576,0.032529685012867
7577,0.138920200450421
7578,0.30023579727578
7579,0.147738604022242
7580,0.139184825414084
7581,0.288301764492232
7582,0.150684905389223
7583,0.105482344894932
7584,0.215399412666056
7585,0.336666934436371
7586,0.265302478878314
7587,0.167837040657876
7588,0.080447195360419
7589,3.77107407257706e-08
7590,0.175217763914993
7591,0.0335894946929441
7592,2.22379179237739e-08
7593,0.0276375998883761
7594,0.236654862000229
7595,0.00066257583421608
7596,0.235857169021731
7597,0.0495493484803751
7598,0.106485038467163
7599,0.0333834607847113
7600,0.140650661704228
7601,0.209299548751735
7602,0.0318074999388372
7603,0.189889859130041
7604,0.157014710793815
7605,0.239461422335138
7606,0.249462850362333
7607,0.0218025814981155
7608,0.170946996658849
7609,0.210950454323535
7610,0.0944836325203716
7611,0.239662761034821
7612,0.168455397408564
7613,0.0803356389324634
7614,0.20838649256974
7615,0.332974740564415
7616,0.239254452511756
7617,0.230325487738959
7618,1.88824565109671e-09
7619,0.459301611744064
7620,0.0477677736201506
7621,0.146767141266029
7622,0.423888194648399
7623,0.168920356168879
7624,0.14704416110821
7625,0.278649512482449
7626,0.00411614854207093
7627,0.203506747434823
7628,0.256143106362741
7629,0.187858046536412
7630,5.76821953792837e-08
7631,0.353290015967337
7632,0.152818871824328
7633,0.217461139591197
7634,0.37696403320197
7635,0.297687831916585
7636,0.256564493686611
7637,0.378002886036439
7638,0.139715343031505
7639,0.303703205625379
7640,0.171147132994489
7641,0.147182833229224
7642,0.147599498894175
7643,0.185508770245602
7644,0.112909356959938
7645,0.143340754782821
7646,0.239662761034821
7647,0.157014710793815
7648,0.188918784288631
7649,0.215212687892766
7650,0.180061115521177
7651,0.187184500051978
7652,0.188026723967444
7653,0.00858012841074703
7654,0.168145992239293
7655,0.154111102306303
7656,0.112055640129739
7657,0.13038928454783
7658,0.186345182902471
7659,0.137210409977799
7660,0.197813851236617
7661,0.190959371924087
7662,0.174102522559941
7663,0.125938510173074
7664,0.146076482031423
7665,0.14347652183832
7666,0.096651240035183
7667,1.14617666479425e-09
7668,0.171731597047461
7669,0.0583738424095119
7670,0.0768525584818231
7671,0.0994488902154761
7672,0.65640612478027
7673,0.159369523868222
7674,0.222964706263613
7675,0.120073588067819
7676,0.24596162414764
7677,0.146628793460926
7678,3.72139025292706e-08
7679,0.144806762673195
7680,0.0211287653184518
7681,2.15841259459869e-08
7682,0.117739882689519
7683,0.144156963522809
7684,0.614368075952753
7685,0.00396259910620274
7686,0.157747532939368
7687,0.211134475957153
7688,0.0403304055855168
7689,0.304201302351184
7690,1.44781251688279e-08
7691,0.0100815392306593
7692,0.242899925847354
7693,0.236831444330451
7694,0.248017149604577
7695,0.0645974680717977
7696,0.0201466761022197
7697,0.0942946859475073
7698,0.0941217738428352
7699,0.119580127449633
7700,0.0540108366902767
7701,0.213351903450918
7702,0.2029698387033
7703,0.0807448621518441
7704,0.050799497585616
7705,0.250084155963362
7706,0.155412255312115
7707,0.286039365149705
7708,0.0697660453593491
7709,0.141016453359212
7710,0.0426110545078023
7711,0.23905909271149
7712,0.52357245773833
7713,1.6628875082578e-08
7714,0.419813711616302
7715,0.127320396559303
7716,0.00412068151570235
7717,0.756032295970635
7718,0.152286939948752
7719,0.181534343859411
7720,0.0602232360753701
7721,0.14388446539375
7722,0.18484172978072
7723,0.135130383469694
7724,0.0582672844483774
7725,0.118217750302499
7726,0.0387739921192009
7727,0.342118320263552
7728,0.181206151177756
7729,0.14829610850878
7730,0.127812406221461
7731,0.499640032837803
7732,0.168145992239293
7733,0.146767141266029
7734,0.182521696898121
7735,0.14955684612596
7736,0.167528542420709
7737,0.136037102236774
7738,0.155702614921165
7739,0.156284661304552
7740,0.141183002993414
7741,0.174579795726403
7742,0.549674314639033
7743,0.194869407191244
7744,0.127074998888617
7745,0.0597868659662486
7746,0.215399412666056
7747,0.151109728529939
7748,0.157747532939368
7749,0.118111481128181
7750,0.144566515221064
7751,0.126463272384721
7752,0.0190831473753191
7753,0.169853340275794
7754,0.180551152263831
7755,0.12463848604605
7756,0.148156569708077
7757,0.0338717316103402
7758,0.0580039906725475
7759,0.282441754732985
7760,0.171103688766541
7761,0.132501541733242
7762,0.116295113349562
7763,0.14429337344504
7764,0.152104811055005
7765,0.0401785356868761
7766,0.125460224421947
7767,0.152818871824328
7768,0.259102335546989
7769,0.175262031862816
7770,0.151967124490521
7771,0.191082831344246
7772,0.156722358537092
7773,0.118343283373213
7774,0.125339010844222
7775,0.221817940164154
7776,0.118941144494302
7777,0.150261065170576
7778,0.12127711945094
7779,0.19695866167725
7780,0.130673031491775
7781,0.323471287793094
7782,0.146490553677081
7783,0.125702952807662
7784,0.0842817073418431
7785,0.0324601915069802
7786,0.231503152073131
7787,3.6720212033538e-09
7788,0.162202944090328
7789,0.158630585854808
7790,0.211502871838746
7791,0.494893357119621
7792,0.140380870710708
7793,0.293316303753426
7794,0.358974178690933
7795,3.60266635305318e-08
7796,0.289891761674536
7797,0.0309957389209984
7798,0.147460502080439
7799,2.14414693141575e-08
7800,0.0736904909684769
7801,0.15818855900595
7802,0.201899190563798
7803,0.127443247109789
7804,0.106973572982947
7805,3.71727960148691e-08
7806,0.18836442792338
7807,0.152818871824328
7808,2.10656442839135e-08
7809,0.0900509003246937
7810,0.0015342701590903
7811,0.251121954911467
7812,0.263153828085739
7813,0.0485186714264344
7814,0.42658944338673
7815,0.252098904844219
7816,0.282665800053855
7817,0.0378485450926737
7818,0.0752136210975305
7819,0.0920433538056528
7820,0.251537875106143
7821,0.0660171147429198
7822,0.0214518038665006
7823,0.0948639120187046
7824,0.11496982019212
7825,0.338396840568295
7826,0.0809913079259582
7827,0.263797247243986
7828,0.242696735691219
7829,0.243713841271148
7830,0.0409302637601599
7831,0.0730791805211063
7832,0.0549336361603418
7833,0.160557623714552
7834,0.37956326487541
7835,0.534311745506538
7836,0.515572123803253
7837,0.147565649725473
7838,0.0849741647469637
7839,0.164924576150072
7840,0.00411162053436939
7841,0.0724776789188542
7842,0.226817734055086
7843,0.20838649256974
7844,0.156138983719565
7845,0.339883065718228
7846,0.0801102097998479
7847,0.199234171828548
7848,0.168920356168879
7849,0.146214398004562
7850,0.0673811484082495
7851,0.0136191770893801
7852,0.133843921758033
7853,0.201543246710505
7854,0.056385854371022
7855,0.195737882002453
7856,0.26814283047934
7857,0.0841119351478533
7858,0.169386336856949
7859,0.139550243424241
7860,0.145525896237847
7861,0.0566368441333022
7862,0.154977544532013
7863,0.158335790042717
7864,0.180714728741454
7865,0.156284661304552
7866,0.130422137672466
7867,0.141141093665266
7868,0.174420590145767
7869,0.28920969903126
7870,0.0651185738868841
7871,0.189719900822426
7872,0.130547533359249
7873,0.279538989056825
7874,0.221186586018613
7875,0.054776592244334
7876,0.0653235965405156
7877,0.138920200450421
7878,0.362542403553528
7879,0.038825953921893
7880,6.95185378236669e-09
7881,0.21063368464074
7882,0.0168071626834133
7883,0.118897353577076
7884,0.15125155485746
7885,0.127521232914177
7886,0.264656708172678
7887,0.256775357518613
7888,0.465460439614233
7889,0.231110130337762
7890,0.145663381056318
7891,0.132567830080226
7892,0.135647882396658
7893,0.018653353481682
7894,3.86389025675134e-08
7895,0.176017804301681
7896,0.16876525640779
7897,0.24693407217892
7898,0.0571690422463095
7899,2.17277317158565e-08
7900,0.154688289327044
7901,0.105806921488047
7902,0.17649920584763
7903,0.00396259910620274
7904,0.187689485446892
7905,2.05142220315129e-08
7906,0.0499149642584136
7907,0.0514117610476216
7908,0.365613000834912
7909,0.140247553319955
7910,0.0811036945412887
7911,0.0345721702608344
7912,0.0797955487890728
7913,0.218780547889685
7914,0.180387691249584
7915,0.0235159133355739
7916,0.0296061358642133
7917,0.115941570556544
7918,0.438067860929464
7919,0.129422654347567
7920,0.0802540217491883
7921,0.0766354330829928
7922,0.193831096765875
7923,0.549947875335145
7924,0.272775815612341
7925,0.25049893226008
7926,0.0391567863702597
7927,0.135259601821692
7928,0.187114438359307
7929,0.00411162053436939
7930,0.151962327891468
7931,0.129671912170843
7932,0.284237128366843
7933,0.143576768798542
7934,0.21821438254909
7935,0.0222733382157827
7936,0.0117368494766956
7937,0.154505977483758
7938,0.237654593023324
7939,0.192625052315255
7940,0.132949571569907
7941,0.162654020932028
7942,0.0809209995968053
7943,0.147967076005366
7944,0.125339010844222
7945,0.128771104582771
7946,0.0782496039341057
7947,0.14829610850878
7948,0.13279123288825
7949,0.176981641214192
7950,0.101880829024607
7951,0.136557525288706
7952,0.120689444509172
7953,0.120924219103838
7954,0.0740518905969062
7955,0.137997334543848
7956,0.140247553319955
7957,0.136427262607144
7958,0.0100627900422632
7959,0.163710463688938
7960,0.171888859221928
7961,0.262725442883715
7962,0.000835925802829335
7963,0.173467760944762
7964,0.034273300746099
7965,0.161752876539918
7966,0.0182493678857949
7967,0.107046076337822
7968,0.14011434190173
7969,0.13998123641099
7970,0.151109728529939
7971,0.171882723649279
7972,0.0488731854643418
7973,6.63653154590084e-09
7974,0.153535677765988
7975,0.14635242187236
7976,0.198536666804576
7977,0.0192087661323347
7978,0.20784006911434
7979,0.227593960460742
7980,0.141317063448186
7981,0.0170310197704089
7982,0.13346000757058
7983,0.167837040657876
7984,0.130547533359249
7985,0.143612395929623
7986,0.148435755831132
7987,0.0536964963482389
7988,0.0064811107014284
7989,0.272472066976329
7990,0.173784912897593
7991,0.0339594775040005
7992,0.128429699266291
7993,2.11823764882967e-08
7994,3.86816303354725e-08
7995,0.153981649416544
7996,0.143748377100272
7997,0.0718265162651685
7998,2.09959139677215e-08
7999,0.150968011536022
8000,0.138260483833731
8001,0.0610415555566027
8002,0.0461274646255547
8003,0.25216261238351
8004,0.257831376882682
8005,0.0381312865496767
8006,0.206569193844218
8007,0.202791103912656
8008,0.0945782329161129
8009,0.00827466214456726
8010,0.0573585258497264
8011,0.0772613155512154
8012,0.0799283093672907
8013,0.559774692515466
8014,0.170009235493262
8015,0.0983041459319368
8016,0.379303027749718
8017,0.327109780551671
8018,0.255301694108165
8019,0.180714728741454
8020,0.312391605428688
8021,0.202433986472488
8022,3.91115153682071e-08
8023,0.224500293648848
8024,0.165992842768022
8025,0.262083707287848
8026,0.43390428791257
8027,0.680807826396048
8028,0.258890226437134
8029,0.158335790042717
8030,0.23905909271149
8031,0.0566368441333022
8032,0.162955299994084
8033,0.0522031133720032
8034,0.145938673910611
8035,3.91115153682071e-08
8036,0.281770265305447
8037,0.343612401221984
8038,0.155412255312115
8039,0.256564493686611
8040,0.0325379802957141
8041,0.391080407235739
8042,0.353903748348527
8043,0.163710463688938
8044,0.583853209976734
8045,0.140481802020224
8046,0.523296761812862
8047,0.00411162053436939
8048,0.152837646514183
8049,0.172992890748844
8050,0.164620372249793
8051,0.0588363738770569
8052,0.15125155485746
8053,0.361266274281123
8054,0.0542966211233256
8055,0.270504750469154
8056,0.136557525288706
8057,0.0424872012202535
8058,0.156722358537092
8059,0.153535677765988
8060,0.100880838689102
8061,0.0513990582884648
8062,0.0807671027942523
8063,0.186345182902471
8064,0.18921072499069
8065,0.0473823354671625
8066,0.202791103912656
8067,0.0223438078914516
8068,0.649896393078607
8069,0.15125155485746
8070,0.240469274550114
8071,0.224885362463102
8072,0.25216261238351
8073,0.2022556038096
8074,0.321539420751321
8075,0.0489245864020077
8076,0.185456544437938
8077,0.127812406221461
8078,0.0339594775040005
8079,0.0692738764171661
8080,0.147460502080439
8081,0.0322862235012441
8082,1.48690380866034e-07
8083,0.18467525973537
8084,0.156868479230658
8085,2.17758123156348e-08
8086,0.202433986472488
8087,0.45765522850597
8088,0.0252179896844263
8089,0.14429337344504
8090,0.0512954607023214
8091,0.0505199488168594
8092,0.0261136936819942
8093,0.422808957964692
8094,0.204224269477268
8095,0.031117555900131
8096,0.00388057561019241
8097,0.0296362483026628
8098,0.246577074524883
8099,0.185508770245602
8100,0.0139798422064763
8101,0.0942946859475073
8102,0.277761775009569
8103,0.0860662256198333
8104,0.135130383469694
8105,0.180551152263831
8106,0.0691696055931892
8107,0.551588599621203
8108,0.261357081433702
8109,0.00411162053436939
8110,0.010954982469603
8111,0.155847960565205
8112,0.161902786969773
8113,1.02827498800484e-07
8114,0.0784282925092602
8115,0.0594151927579049
8116,0.260377361297839
8117,0.165839894617052
8118,0.118574109472954
8119,0.2029698387033
8120,8.19807499795295e-08
8121,0.219158578567396
8122,0.262083707287848
8123,0.268329354967689
8124,0.0445454521404566
8125,0.273349296881456
8126,0.236255782989027
8127,5.30936688320589e-08
8128,0.237706823363657
8129,0.150543516156274
8130,0.0142244908226468
8131,0.139848236802634
8132,0.47231439289401
8133,0.464284489827982
8134,0.194869407191244
8135,0.0340684192230969
8136,0.139848236802634
8137,0.253206124251059
8138,0.313635313938828
8139,0.158483132313665
8140,0.10447520033531
8141,2.0341799944706e-08
8142,0.215026080625811
8143,0.643756253965366
8144,0.149979050556707
8145,0.0305987881817849
8146,2.05596172947349e-08
8147,0.0514570537949113
8148,0.17649920584763
8149,2.15841259459869e-08
8150,0.162202944090328
8151,0.140514294118974
8152,0.0302461384627296
8153,0.191424730176924
8154,0.0426699808122618
8155,0.0211065480584483
8156,0.180551152263831
8157,0.0949574832059794
8158,0.0138246380847976
8159,0.214280826678663
8160,0.0773657825196409
8161,0.128677327395373
8162,0.209482512569552
8163,0.130798632118896
8164,0.00412068151570235
8165,0.170165244465173
8166,0.134820352920816
8167,0.176338623830191
8168,0.150543516156274
8169,0.154688289327044
8170,0.11632143910945
8171,0.145071208574492
8172,0.150826403835782
8173,0.0997581729488516
8174,0.132060286308068
8175,0.323471287793094
8176,0.0409285610121876
8177,0.164924576150072
8178,0.142123660679069
8179,0.279984378383327
8180,0.166452365124506
8181,0.270941158740493
8182,0.00231812506774635
8183,0.205440529750853
8184,0.210950454323535
8185,7.42848842000104e-09
8186,0.146628793460926
8187,0.317933612525561
8188,2.01769372118142e-08
8189,3.64918357610555e-08
8190,0.293545446372475
8191,0.0465180615600544
8192,0.0335898941554156
8193,0.201721159966714
8194,0.296533793315001
8195,0.268546395282889
8196,0.185842986917757
8197,0.242290701998417
8198,0.576315362380494
8199,0.237854887660429
8200,0.575505559905088
8201,0.343259340222791
8202,0.0478967680043762
8203,0.620112445485934
8204,0.14347652183832
8205,0.14955684612596
8206,0.0343605812333126
8207,0.166452365124506
8208,0.145525896237847
8209,0.264226753750678
8210,0.240445901243409
8211,0.0539794378763076
8212,0.190741399115562
8213,0.126463272384721
8214,0.322021818684692
8215,0.846187521374021
8216,0.0197211434062264
8217,0.126952451668335
8218,0.0464286098658191
8219,0.193658454175739
8220,0.171260494830811
8221,0.185008315835016
8222,0.302562897515437
8223,0.060348459741509
8224,0.454365270432523
8225,0.159814224205664
8226,0.129122006527512
8227,0.0505729895996694
8228,0.146076482031423
8229,0.347582697657068
8230,0.211502871838746
8231,0.0265045458761497
8232,0.160111248991507
8233,0.00718578126289605
8234,0.317488044177615
8235,0.27621242980774
8236,0.159369523868222
8237,0.240065786095503
8238,2.01323868992784e-08
8239,0.0922099898700482
8240,1.99111064942061e-08
8241,0.291433724735442
8242,0.10456935659031
8243,0.171417414880145
8244,0.0218680009147665
8245,0.45381732341016
8246,0.190912056911993
8247,0.213723120166006
8248,0.198009610773325
8249,0.532386231850393
8250,0.22720561322923
8251,0.216897440674539
8252,0.527981525300909
8253,0.173151066485871
8254,0.173626279720924
8255,0.6812879781073
8256,0.202612486504591
8257,0.147599498894175
8258,0.155122337691188
8259,0.0185083587506105
8260,0.194696063141231
8261,0.781739277126854
8262,0.161303817362724
8263,0.175776559837496
8264,0.19608609094745
8265,0.222390795443527
8266,0.186010269430362
8267,0.163106107976098
8268,0.15192765652002
8269,0.186010269430362
8270,0.155412255312115
8271,0.260803272196212
8272,0.259951901342691
8273,0.199064777518652
8274,0.00126948458659231
8275,0.215960291991959
8276,0.435262153509166
8277,0.383736392431536
8278,0.00412068151570235
8279,0.191424730176924
8280,0.0750070622651144
8281,0.609381196017728
8282,0.147321613539367
8283,0.130924335289423
8284,0.24616665920973
8285,0.160855765633717
8286,0.162804604323888
8287,0.152104811055005
8288,0.151008238391818
8289,0.17330935654211
8290,0.159517645782251
8291,0.24596162414764
8292,0.216709775975446
8293,0.331134845493096
8294,0.0509162335779658
8295,0.290346998528458
8296,0.142123660679069
8297,0.00754828595668702
8298,0.16443785688584
8299,0.179084157096387
8300,0.235658036479561
8301,0.0939711033436359
8302,0.352311842695224
8303,2.58185570240381e-08
8304,0.0341048079973963
8305,0.15599341681888
8306,0.153535677765988
8307,2.00214409954512e-08
8308,5.34331338351246e-09
8309,0.0445490116678451
8310,0.0178528839738557
8311,0.103892745581412
8312,0.235260120376757
8313,0.293087265796196
8314,0.129547232232559
8315,0.16355920612657
8316,0.423888194648399
8317,0.00231296495188018
8318,0.00411614854207093
8319,0.0298926762920686
8320,0.254491495308622
8321,0.149697471991552
8322,0.03540229243471
8323,0.219158578567396
8324,0.0356973728783867
8325,0.192969052324907
8326,0.0897695197691367
8327,0.152675840212799
8328,0.298182594450031
8329,0.137865917720484
8330,0.365869381809293
8331,0.198185178946415
8332,0.183844648953709
8333,0.0355455057462307
8334,0.0312335802266463
8335,0.29630329637574
8336,0.155267241271968
8337,0.139848236802634
8338,0.0141626339727498
8339,0.156303783228724
8340,0.140380870710708
8341,0.150968011536022
8342,0.30116541117503
8343,0.183016935411107
8344,0.142123660679069
8345,0.14628259379973
8346,0.125283505374648
8347,0.0343239292547042
8348,0.0964923004276637
8349,0.141585503394571
8350,2.04011719041177e-08
8351,0.117670874894477
8352,0.16830063811028
8353,0.0477590494748074
8354,1.56894617514983e-09
8355,0.0365814697923262
8356,0.17649920584763
8357,0.18887185684889
8358,0.292858332568881
8359,0.281993987299868
8360,0.132352485426748
8361,0.186848424505931
8362,2.54486426742089e-07
8363,0.101988918633125
8364,0.255091625089482
8365,0.00411162053436939
8366,0.0657649454282894
8367,0.186512813899165
8368,0.0776183020310647
8369,0.180387691249584
8370,0.0454569155522722
8371,0.177303839469605
8372,0.0165264632335143
8373,0.249255977646377
8374,0.0352392851210855
8375,0.206388110221892
8376,0.203506747434823
8377,0.152818871824328
8378,0.108499583715911
8379,0.200832766944037
8380,0.157307506676101
8381,0.148715376205748
8382,0.433361418209246
8383,0.344360606432802
8384,0.164431467847906
8385,0.189889859130041
8386,0.348865959607544
8387,0.147182833229224
8388,0.00830510240569626
8389,0.0341776980618617
8390,0.1704776037889
8391,0.22715474904498
8392,0.491815843703387
8393,0.155269332159164
8394,2.06735454242032e-08
8395,5.54863035275366e-09
8396,0.17330935654211
8397,0.049497325318459
8398,0.166605765316246
8399,0.00263236399646438
8400,0.0411996743340038
8401,0.242290701998417
8402,0.263368189000664
